name,ymax,ymin,xmax,xmin,labels
142100_CUSHIONS_front.png,1340,255,1192,4,CUSHIONS
142100_CUSHIONS_back.png,1355,261,1170,34,CUSHIONS
142101_CUSHIONS_front.png,1365,245,1178,11,CUSHIONS
142101_CUSHIONS_back.png,1353,246,1170,18,CUSHIONS
142102_NAPKIN_front.png,1382,225,1181,27,NAPKIN
142102_NAPKIN_back.png,1440,0,1200,0,NAPKIN
142103_TABLE CLOTH_front.png,1390,251,868,421,TABLE CLOTH
142103_TABLE CLOTH_back.png,1390,251,868,421,TABLE CLOTH
142104_TABLE CLOTH_front.png,1390,251,868,421,TABLE CLOTH
142104_TABLE CLOTH_back.png,1390,251,868,421,TABLE CLOTH
142105_TABLE CLOTH_front.png,1451,66,1146,0,TABLE CLOTH
142105_TABLE CLOTH_back.png,1195,55,1200,440,TABLE CLOTH
142106_TABLE CLOTH_front.png,1429,0,1200,0,TABLE CLOTH
142106_TABLE CLOTH_back.png,1314,1185,1107,852,TABLE CLOTH
142113_DRESS_front.png,1392,142,1176,23,DRESS
142113_DRESS_back.png,1409,156,1170,11,DRESS
142114_DRESS_front.png,1312,195,1188,8,DRESS
142115_CARPETS_front.png,1561,76,1116,124,CARPETS
142114_DRESS_back.png,1403,110,1184,11,DRESS
142115_CARPETS_back.png,1561,76,1116,124,CARPETS
142116_CARPETS_front.png,1561,76,1116,124,CARPETS
142116_CARPETS_back.png,1561,76,1116,124,CARPETS
142117_CARPETS_front.png,1565,0,1109,0,CARPETS
142117_CARPETS_back.png,1565,0,1109,0,CARPETS
142118_CARPETS_front.png,1111,489,1178,0,CARPETS
142118_CARPETS_back.png,1111,490,1180,0,CARPETS
142119_CARPETS_front.png,1111,489,1178,0,CARPETS
142119_CARPETS_back.png,1120,500,1190,0,CARPETS
142120_CARPETS_front.png,1565,0,1109,0,CARPETS
142120_CARPETS_back.png,1565,0,1109,0,CARPETS
142121_CARPETS_front.png,1570,0,1132,105,CARPETS
142121_CARPETS_back.png,1570,0,1132,105,CARPETS
142122_CARPETS_front.png,1570,0,1132,105,CARPETS
142122_CARPETS_back.png,1570,0,1132,105,CARPETS
142123_CARPETS_front.png,1327,267,1142,73,CARPETS
142123_CARPETS_back.png,1180,572,1200,0,CARPETS
142125_CARPETS_front.png,1369,226,1184,24,CARPETS
142125_CARPETS_back.png,987,0,1200,0,CARPETS
142126_CHARGER PLATES_front.png,1359,205,1171,16,CHARGER PLATES
142126_CHARGER PLATES_back.png,1168,490,1200,0,CHARGER PLATES
142127_CHARGER PLATES_front.png,1236,325,1046,127,CHARGER PLATES
142127_CHARGER PLATES_back.png,1209,406,1177,18,CHARGER PLATES
142128_COTTON BOX_front.png,1443,217,1183,39,COTTON BOX
142128_COTTON BOX_back.png,1179,385,1191,8,COTTON BOX
142129_TUMBLERS_front.png,1331,257,1200,8,TUMBLERS
142129_TUMBLERS_back.png,1331,257,1200,8,TUMBLERS
142130_BATH MATS_front.png,1164,451,1180,26,BATH MATS
142130_BATH MATS_back.png,1169,430,1176,20,BATH MATS
142131_TUMBLERS_front.png,1233,332,1176,620,TUMBLERS
142131_TUMBLERS_back.png,1238,327,1185,621,TUMBLERS
142132_BOXES_front.png,1174,440,1110,51,BOXES
142132_BOXES_back.png,1325,385,1129,67,BOXES
142133_BOXES_front.png,1175,415,1155,30,BOXES
142133_BOXES_back.png,1220,395,1123,105,BOXES
142134_BOXES_front.png,1202,425,1162,52,BOXES
142134_BOXES_back.png,1289,346,1161,46,BOXES
142135_BOXES_front.png,1184,390,1178,34,BOXES
142135_BOXES_back.png,1240,385,1102,67,BOXES
142136_BOXES_front.png,1283,320,1200,7,BOXES
142138_DECORATIVE PIECES_front.png,1405,679,1185,739,DECORATIVE PIECES
142138_DECORATIVE PIECES_back.png,1107,620,1181,11,DECORATIVE PIECES
142139_DECORATIVE PIECES_front.png,1515,20,1155,22,DECORATIVE PIECES
142139_DECORATIVE PIECES_back.png,1028,558,1185,0,DECORATIVE PIECES
142155_CARPETS_front.png,1551,49,1103,83,CARPETS
142155_CARPETS_back.png,1600,0,1200,0,CARPETS
142156_CARPETS_front.png,1551,49,1103,83,CARPETS
142156_CARPETS_back.png,1600,0,1200,0,CARPETS
142157_CARPETS_front.png,1175,334,1200,0,CARPETS
142157_CARPETS_back.png,1275,0,1200,0,CARPETS
142158_CARPETS_front.png,1571,45,1118,120,CARPETS
142158_CARPETS_back.png,1486,0,923,0,CARPETS
142159_CARPETS_front.png,1570,45,1106,54,CARPETS
142159_CARPETS_back.png,1546,0,914,0,CARPETS
142160_CARPETS_front.png,1574,24,1114,43,CARPETS
142160_CARPETS_back.png,1500,0,877,0,CARPETS
142161_CARPETS_front.png,1575,30,1143,56,CARPETS
142161_CARPETS_back.png,1500,0,869,0,CARPETS
142162_CARPETS_front.png,1575,30,1143,56,CARPETS
142162_CARPETS_back.png,1500,0,869,0,CARPETS
142163_CARPETS_front.png,1557,32,1136,84,CARPETS
142163_CARPETS_back.png,1560,0,1200,0,CARPETS
142164_CARPETS_front.png,1557,32,1136,84,CARPETS
142164_CARPETS_back.png,1560,0,1200,0,CARPETS
142165_CARPETS_front.png,1570,20,1126,75,CARPETS
142165_CARPETS_back.png,1470,0,866,0,CARPETS
142166_CARPETS_front.png,1570,20,1126,75,CARPETS
142166_CARPETS_back.png,1470,0,866,0,CARPETS
142167_CARPETS_front.png,1374,217,1173,32,CARPETS
142167_CARPETS_back.png,1576,0,1064,0,CARPETS
142180_TOP_front.png,1368,80,1179,11,TOP
142180_TOP_back.png,1438,180,1180,16,TOP
142323_PLACE MAT_front.png,1362,247,1176,31,PLACE MAT
142323_PLACE MAT_back.png,1098,478,1165,37,PLACE MAT
142324_PLACE MAT_front.png,1352,257,1162,39,PLACE MAT
142324_PLACE MAT_back.png,1124,453,1142,36,PLACE MAT
142325_PLACE MAT_front.png,1328,237,1157,37,PLACE MAT
142325_PLACE MAT_back.png,1238,526,1154,37,PLACE MAT
142326_PLACE MAT_front.png,1332,292,1148,72,PLACE MAT
142326_PLACE MAT_back.png,1189,466,1162,30,PLACE MAT
142328_RUNNER_front.png,1561,106,1084,188,RUNNER
142328_RUNNER_back.png,1401,169,1200,46,RUNNER
142329_RUNNER_front.png,1561,106,1084,188,RUNNER
142329_RUNNER_back.png,1401,169,1200,46,RUNNER
142331_CUSHIONS_front.png,1369,215,1189,0,CUSHIONS
142331_CUSHIONS_back.png,1380,225,1184,0,CUSHIONS
142332_CUSHIONS_front.png,1369,220,1185,9,CUSHIONS
142332_CUSHIONS_back.png,1381,230,1189,17,CUSHIONS
142333_PLACE MAT_front.png,1405,211,1185,22,PLACE MAT
142333_PLACE MAT_back.png,1338,189,1200,64,PLACE MAT
142334_NAPKIN_front.png,1374,230,1168,84,NAPKIN
142334_NAPKIN_back.png,1440,275,1162,83,NAPKIN
142335_NAPKIN_front.png,1233,165,1163,57,NAPKIN
142335_NAPKIN_back.png,1415,215,1189,94,NAPKIN
142336_POUF_front.png,1365,257,1165,42,POUF
142336_POUF_back.png,1364,265,1161,46,POUF
142337_PLACE MAT_front.png,1425,235,1183,11,PLACE MAT
142337_PLACE MAT_back.png,1338,189,1200,64,PLACE MAT
142338_POUF_front.png,1248,411,1165,20,POUF
142338_POUF_back.png,1314,381,1155,23,POUF
142339_TABLE CLOTH_front.png,1600,0,819,256,TABLE CLOTH
142339_TABLE CLOTH_back.png,1600,309,793,299,TABLE CLOTH
142340_TABLE CLOTH_front.png,1600,0,819,256,TABLE CLOTH
142340_TABLE CLOTH_back.png,1600,309,793,299,TABLE CLOTH
142341_PLACE MAT_front.png,1199,426,1112,91,PLACE MAT
142341_PLACE MAT_back.png,1199,426,1112,91,PLACE MAT
142342_PLACE MAT_front.png,1180,439,1155,49,PLACE MAT
142342_PLACE MAT_back.png,1590,104,1200,15,PLACE MAT
142343_PLACE MAT_front.png,1343,185,1170,31,PLACE MAT
142343_PLACE MAT_back.png,1338,189,1200,64,PLACE MAT
142344_PLACE MAT_front.png,1300,211,1155,43,PLACE MAT
142344_PLACE MAT_back.png,1338,189,1200,64,PLACE MAT
142370_PLACE MAT_front.png,1365,225,1149,24,PLACE MAT
142370_PLACE MAT_back.png,1326,168,1191,10,PLACE MAT
142371_PLACE MAT_front.png,1383,247,1196,0,PLACE MAT
142371_PLACE MAT_back.png,1373,250,1174,0,PLACE MAT
142372_BOXES_front.png,1089,143,1269,31,BOXES
142372_BOXES_back.png,1089,143,1269,31,BOXES
142386_CUTLERY_front.png,1374,407,247,37,CUTLERY
142386_CUTLERY_back.png,1510,1055,1193,346,CUTLERY
142387_CUTLERY_front.png,1591,45,924,624,CUTLERY
142387_CUTLERY_back.png,1570,90,925,625,CUTLERY
142388_CUTLERY_front.png,1265,297,1160,16,CUTLERY
142388_CUTLERY_back.png,1338,415,1061,0,CUTLERY
142389_CUTLERY_front.png,1249,286,1185,30,CUTLERY
142389_CUTLERY_back.png,1215,517,1200,66,CUTLERY
142390_DECORATIVE PIECES_front.png,1493,150,948,273,DECORATIVE PIECES
142390_DECORATIVE PIECES_back.png,1209,576,610,45,DECORATIVE PIECES
142391_TABLE LAMP_front.png,1224,61,981,292,TABLE LAMP
142391_TABLE LAMP_back.png,1224,61,981,292,TABLE LAMP
142393_STOOLS_front.png,1398,327,1123,61,STOOLS
142393_STOOLS_back.png,1268,251,1099,103,STOOLS
142394_DECORATIVE PIECES_front.png,1418,165,890,294,DECORATIVE PIECES
142394_DECORATIVE PIECES_back.png,1183,586,575,31,DECORATIVE PIECES
142396_TABLE LAMP_front.png,1578,14,997,196,TABLE LAMP
142396_TABLE LAMP_back.png,1578,14,997,196,TABLE LAMP
142398_DECORATIVE PIECES_front.png,1448,186,895,292,DECORATIVE PIECES
142398_DECORATIVE PIECES_back.png,1248,677,602,47,DECORATIVE PIECES
142401_TABLE LAMP_front.png,1228,664,876,368,TABLE LAMP
142401_TABLE LAMP_back.png,1228,664,876,368,TABLE LAMP
142404_DECORATIVE PIECES_front.png,1458,185,887,274,DECORATIVE PIECES
142404_DECORATIVE PIECES_back.png,1279,742,572,37,DECORATIVE PIECES
142405_CAKE STAND_front.png,1552,65,955,199,CAKE STAND
142405_CAKE STAND_back.png,1421,100,936,286,CAKE STAND
142406_TABLE LAMP_front.png,1224,52,1104,228,TABLE LAMP
142406_TABLE LAMP_back.png,1224,52,1104,228,TABLE LAMP
142407_TABLE LAMP_front.png,1233,541,914,368,TABLE LAMP
142407_TABLE LAMP_back.png,1233,541,914,368,TABLE LAMP
142408_TABLE LAMP_front.png,1248,20,990,269,TABLE LAMP
142408_TABLE LAMP_back.png,1248,20,990,269,TABLE LAMP
142409_TABLE LAMP_front.png,1566,46,1001,151,TABLE LAMP
142409_TABLE LAMP_back.png,1566,46,1001,151,TABLE LAMP
142410_TABLE LAMP_front.png,1495,55,1013,172,TABLE LAMP
142410_TABLE LAMP_back.png,1495,55,1013,172,TABLE LAMP
142411_TABLE LAMP_front.png,1192,73,990,289,TABLE LAMP
142411_TABLE LAMP_back.png,1192,73,990,289,TABLE LAMP
142412_TABLE LAMP_front.png,1280,25,1012,268,TABLE LAMP
142412_TABLE LAMP_back.png,1280,25,1012,268,TABLE LAMP
142413_COASTERS_front.png,1424,846,550,28,COASTERS
142413_COASTERS_back.png,1219,410,1050,45,COASTERS
142414_NAPKIN RING_front.png,962,308,1214,90,NAPKIN RING
142414_NAPKIN RING_back.png,962,308,1214,90,NAPKIN RING
142415_NAPKIN RING_front.png,974,710,896,620,NAPKIN RING
142415_NAPKIN RING_back.png,933,681,1194,919,NAPKIN RING
142416_COASTERS_front.png,1300,211,1155,43,COASTERS
142416_COASTERS_back.png,1338,189,1200,64,COASTERS
142417_COASTERS_front.png,1425,235,1183,11,COASTERS
142417_COASTERS_back.png,1338,189,1200,64,COASTERS
142418_COASTERS_front.png,1343,185,1170,31,COASTERS
142418_COASTERS_back.png,1338,189,1200,64,COASTERS
142419_COASTERS_front.png,1405,211,1185,22,COASTERS
142419_COASTERS_back.png,1338,189,1200,64,COASTERS
142420_DECORATIVE PIECES_front.png,1034,218,620,117,DECORATIVE PIECES
142420_DECORATIVE PIECES_back.png,1034,218,620,117,DECORATIVE PIECES
142421_TABLE LAMP_front.png,1590,0,979,183,TABLE LAMP
142421_TABLE LAMP_back.png,1590,0,979,183,TABLE LAMP
142422_TABLE LAMP_front.png,1560,19,1122,105,TABLE LAMP
142422_TABLE LAMP_back.png,1539,35,1118,120,TABLE LAMP
142424_TABLE LAMP_front.png,1160,126,968,329,TABLE LAMP
142424_TABLE LAMP_back.png,1160,126,968,329,TABLE LAMP
142425_CHARGER PLATES_front.png,1406,255,1181,34,CHARGER PLATES
142425_CHARGER PLATES_back.png,1355,218,1180,0,CHARGER PLATES
142426_CHARGER PLATES_front.png,1369,101,1189,19,CHARGER PLATES
142426_CHARGER PLATES_back.png,1415,130,1180,24,CHARGER PLATES
142427_CHARGER PLATES_front.png,1371,166,1192,0,CHARGER PLATES
142427_CHARGER PLATES_back.png,1360,160,1192,0,CHARGER PLATES
142428_BOXES_front.png,1375,260,1196,8,BOXES
142428_BOXES_back.png,1574,20,1189,22,BOXES
142429_BOXES_front.png,1335,310,1181,26,BOXES
142429_BOXES_back.png,1535,70,1200,15,BOXES
142430_DECORATIVE PIECES_front.png,1034,218,620,117,DECORATIVE PIECES
142430_DECORATIVE PIECES_back.png,1034,218,620,117,DECORATIVE PIECES
142431_DECORATIVE PIECES_front.png,1494,60,1027,132,DECORATIVE PIECES
142431_DECORATIVE PIECES_back.png,1163,465,1153,31,DECORATIVE PIECES
142432_COASTERS_front.png,1285,276,1106,104,COASTERS
142432_COASTERS_back.png,1386,235,1177,27,COASTERS
142433_SERVING TRAYS_front.png,929,503,1181,26,SERVING TRAYS
142433_SERVING TRAYS_back.png,1199,405,1170,29,SERVING TRAYS
142434_SERVING TRAYS_front.png,929,503,1181,26,SERVING TRAYS
142434_SERVING TRAYS_back.png,1199,405,1170,29,SERVING TRAYS
142435_DRINKING GLASSES_front.png,1564,50,1091,97,DRINKING GLASSES
142435_DRINKING GLASSES_back.png,1327,390,1149,44,DRINKING GLASSES
142436_CHARGER PLATES_front.png,1335,373,1108,136,CHARGER PLATES
142436_CHARGER PLATES_back.png,1258,456,1166,15,CHARGER PLATES
142437_CUTLERY_front.png,1555,150,604,204,CUTLERY
142437_CUTLERY_back.png,1571,161,746,375,CUTLERY
142438_CHARGER PLATES_front.png,1339,340,1130,80,CHARGER PLATES
142438_CHARGER PLATES_back.png,1255,492,1166,45,CHARGER PLATES
142439_CUTLERY_front.png,1295,76,609,364,CUTLERY
142439_CUTLERY_back.png,1546,67,609,217,CUTLERY
142440_CUTLERY_front.png,1145,85,867,577,CUTLERY
142440_CUTLERY_back.png,1381,105,405,143,CUTLERY
142441_TABLE LAMP_front.png,1549,685,979,251,TABLE LAMP
142441_TABLE LAMP_back.png,1540,700,971,262,TABLE LAMP
142442_TABLE LAMP_front.png,1543,79,993,256,TABLE LAMP
142442_TABLE LAMP_back.png,1079,84,996,130,TABLE LAMP
142443_TABLE LAMP_front.png,1260,16,749,224,TABLE LAMP
142443_TABLE LAMP_back.png,1260,16,749,224,TABLE LAMP
142444_TABLE LAMP_front.png,1231,87,962,318,TABLE LAMP
142444_TABLE LAMP_back.png,1231,87,962,318,TABLE LAMP
142446_BOXES_front.png,1041,236,1183,88,BOXES
142446_BOXES_back.png,1041,236,1183,88,BOXES
142447_GARLAND_front.png,988,335,1272,46,GARLAND
142447_GARLAND_back.png,988,335,1272,46,GARLAND
142448_PLANTERS_front.png,1094,0,780,510,PLANTERS
142448_PLANTERS_back.png,1094,0,780,510,PLANTERS
142449_PLANTERS_front.png,1453,268,1148,86,PLANTERS
142449_PLANTERS_back.png,1453,268,1148,86,PLANTERS
142450_PLANTERS_front.png,1453,268,1148,86,PLANTERS
142450_PLANTERS_back.png,1453,268,1148,86,PLANTERS
142451_VASES_front.png,1449,249,1109,53,VASES
142451_VASES_back.png,1434,192,1131,34,VASES
142453_BOXES_front.png,1063,229,1215,76,BOXES
142453_BOXES_back.png,1063,229,1215,76,BOXES
142454_SERVING TRAYS_front.png,1571,30,1099,75,SERVING TRAYS
142454_SERVING TRAYS_back.png,1261,384,1188,20,SERVING TRAYS
142455_PLANTERS_front.png,1393,330,1185,11,PLANTERS
142455_PLANTERS_back.png,1344,305,1180,20,PLANTERS
142456_PLANTERS_front.png,1155,180,1120,137,PLANTERS
142456_PLANTERS_back.png,1155,180,1120,137,PLANTERS
142457_PLANTERS_front.png,1536,125,1173,28,PLANTERS
142457_PLANTERS_back.png,1564,157,1167,31,PLANTERS
142459_WATERING CAN_front.png,903,508,743,415,WATERING CAN
142459_WATERING CAN_back.png,903,508,743,415,WATERING CAN
142461_SWEATSHIRT_front.png,1483,170,1200,0,SWEATSHIRT
142461_SWEATSHIRT_back.png,1420,136,1183,8,SWEATSHIRT
142462_SHIRT_front.png,1595,5,1028,143,SHIRT
142462_SHIRT_back.png,1552,20,951,151,SHIRT
142463_JACKET_front.png,1288,139,1179,9,JACKET
142463_JACKET_back.png,1327,146,1172,24,JACKET
142464_SWEATSHIRT_front.png,1455,150,1196,0,SWEATSHIRT
142464_SWEATSHIRT_back.png,1300,309,1200,0,SWEATSHIRT
142465_SWEATERS_front.png,1454,195,1185,20,SWEATERS
142465_SWEATERS_back.png,1469,207,1193,0,SWEATERS
142467_SWEATSHIRT_front.png,1350,170,1184,8,SWEATSHIRT
142467_SWEATSHIRT_back.png,1341,155,1172,34,SWEATSHIRT
142497_SWEATERS_back.png,1101,502,1200,0,SWEATERS
142498_SWEATSHIRT_front.png,1186,462,1184,8,SWEATSHIRT
142498_SWEATSHIRT_back.png,1185,460,1185,8,SWEATSHIRT
142499_SHIRT_front.png,1591,15,1056,76,SHIRT
142497_SWEATERS_front.png,1134,452,1181,8,SWEATERS
142499_SHIRT_back.png,1584,26,1021,183,SHIRT
142500_SWEATERS_front.png,1330,268,1189,8,SWEATERS
142500_SWEATERS_back.png,1254,347,1191,8,SWEATERS
142501_SWEATERS_front.png,1439,285,1200,0,SWEATERS
142501_SWEATERS_back.png,1500,255,1192,8,SWEATERS
142502_SWEATSHIRT_front.png,1220,385,1200,0,SWEATSHIRT
142502_SWEATSHIRT_back.png,1395,150,1200,0,SWEATSHIRT
142504_JACKET_front.png,1161,345,1178,17,JACKET
142504_JACKET_back.png,1218,357,1192,4,JACKET
142505_SWEATERS_front.png,1440,80,1184,7,SWEATERS
142505_SWEATERS_back.png,1429,185,1200,0,SWEATERS
142506_TOP_front.png,1280,335,1188,9,TOP
142506_TOP_back.png,1254,347,1200,0,TOP
142507_SWEATERS_front.png,1380,116,1177,11,SWEATERS
142507_SWEATERS_back.png,1493,77,1185,4,SWEATERS
142508_JUMPSUITS_front.png,1560,7,1154,25,JUMPSUITS
142508_JUMPSUITS_back.png,1600,0,1100,86,JUMPSUITS
142509_TOP_front.png,1439,160,1191,18,TOP
142509_TOP_back.png,1381,352,1184,0,TOP
142510_DRESS_front.png,1294,301,1196,3,DRESS
142510_DRESS_back.png,1306,290,1200,0,DRESS
142511_DRESS_front.png,1504,96,1192,11,DRESS
142511_DRESS_back.png,1508,95,1191,9,DRESS
142512_SWEATSHIRT_front.png,1215,386,1192,8,SWEATSHIRT
142512_SWEATSHIRT_back.png,1220,381,1196,0,SWEATSHIRT
142513_SWEATERS_front.png,1254,350,1193,8,SWEATERS
142513_SWEATERS_back.png,1269,330,1191,8,SWEATERS
142515_SWEATERS_front.png,1248,410,1181,20,SWEATERS
142515_SWEATERS_back.png,1249,352,1189,9,SWEATERS
142516_DRESS_front.png,1521,86,1192,7,DRESS
142516_DRESS_back.png,1505,96,1192,9,DRESS
142518_SWEATSHIRT_front.png,1244,355,1197,4,SWEATSHIRT
142518_SWEATSHIRT_back.png,1241,367,1196,3,SWEATSHIRT
142519_SKIRT_front.png,1228,371,1191,8,SKIRT
142519_SKIRT_back.png,1203,396,1192,8,SKIRT
142520_SWEATERS_front.png,1454,165,1180,15,SWEATERS
142520_SWEATERS_back.png,1401,215,1200,24,SWEATERS
142521_SWEATERS_front.png,1359,180,1184,16,SWEATERS
142521_SWEATERS_back.png,1420,261,1192,11,SWEATERS
142523_BLOUSE_front.png,1199,395,1192,3,BLOUSE
142523_BLOUSE_back.png,1198,400,1192,8,BLOUSE
142524_RUGS_front.png,1208,76,1051,265,RUGS
142524_RUGS_back.png,1208,76,1051,265,RUGS
142525_RUGS_front.png,1574,40,1100,102,RUGS
142526_RUGS_front.png,1590,31,1108,94,RUGS
142526_RUGS_back.png,1280,0,1268,0,RUGS
142527_RUGS_front.png,1208,76,1051,265,RUGS
142527_RUGS_back.png,1500,105,1107,141,RUGS
142528_RUGS_front.png,1239,125,1207,71,RUGS
142528_RUGS_back.png,1208,135,1280,0,RUGS
142529_RUGS_front.png,1224,84,1054,269,RUGS
142529_RUGS_back.png,1224,84,1054,269,RUGS
142530_RUGS_front.png,1224,84,1054,269,RUGS
142530_RUGS_back.png,1224,84,1054,269,RUGS
142531_DECORATIVE PIECES_front.png,1343,472,1014,182,DECORATIVE PIECES
142531_DECORATIVE PIECES_back.png,1285,442,1030,177,DECORATIVE PIECES
142532_DECORATIVE PIECES_front.png,1312,372,1000,176,DECORATIVE PIECES
142532_DECORATIVE PIECES_back.png,1228,471,977,240,DECORATIVE PIECES
142533_DECORATIVE PIECES_front.png,1555,831,1101,129,DECORATIVE PIECES
142533_DECORATIVE PIECES_back.png,1553,804,1102,115,DECORATIVE PIECES
142534_DECORATIVE PIECES_front.png,1233,427,1086,110,DECORATIVE PIECES
142534_DECORATIVE PIECES_back.png,1187,506,1112,75,DECORATIVE PIECES
142540_CHRISTMAS ORNAMENT_front.png,1445,0,1174,15,CHRISTMAS ORNAMENT
142540_CHRISTMAS ORNAMENT_back.png,1380,214,1073,75,CHRISTMAS ORNAMENT
142546_BOXES_front.png,1074,520,1144,48,BOXES
142546_BOXES_back.png,1015,308,1203,44,BOXES
142549_CHRISTMAS ORNAMENT_front.png,1570,0,982,219,CHRISTMAS ORNAMENT
142549_CHRISTMAS ORNAMENT_back.png,1543,0,842,299,CHRISTMAS ORNAMENT
142553_CHRISTMAS ORNAMENT_front.png,1477,0,1141,43,CHRISTMAS ORNAMENT
142553_CHRISTMAS ORNAMENT_back.png,1530,0,1165,44,CHRISTMAS ORNAMENT
142554_CHRISTMAS ORNAMENT_front.png,1462,111,1143,23,CHRISTMAS ORNAMENT
142554_CHRISTMAS ORNAMENT_back.png,1502,150,1143,19,CHRISTMAS ORNAMENT
142555_CHRISTMAS ORNAMENT_front.png,1574,5,924,303,CHRISTMAS ORNAMENT
142555_CHRISTMAS ORNAMENT_back.png,1594,5,797,236,CHRISTMAS ORNAMENT
142556_CHRISTMAS ORNAMENT_front.png,1428,0,1176,11,CHRISTMAS ORNAMENT
142556_CHRISTMAS ORNAMENT_back.png,1540,0,1200,19,CHRISTMAS ORNAMENT
142558_CHRISTMAS ORNAMENT_front.png,1480,0,1030,245,CHRISTMAS ORNAMENT
142558_CHRISTMAS ORNAMENT_back.png,1444,294,907,269,CHRISTMAS ORNAMENT
142559_CHRISTMAS ORNAMENT_front.png,1546,32,1109,142,CHRISTMAS ORNAMENT
142559_CHRISTMAS ORNAMENT_back.png,1523,0,1162,11,CHRISTMAS ORNAMENT
142560_CHRISTMAS ORNAMENT_front.png,1586,0,1097,94,CHRISTMAS ORNAMENT
142560_CHRISTMAS ORNAMENT_back.png,1543,0,1085,122,CHRISTMAS ORNAMENT
142561_CHRISTMAS ORNAMENT_front.png,1591,0,853,258,CHRISTMAS ORNAMENT
142561_CHRISTMAS ORNAMENT_back.png,1536,0,857,339,CHRISTMAS ORNAMENT
142562_CHRISTMAS ORNAMENT_front.png,1566,0,880,343,CHRISTMAS ORNAMENT
142562_CHRISTMAS ORNAMENT_back.png,1573,220,817,354,CHRISTMAS ORNAMENT
142563_CHRISTMAS ORNAMENT_front.png,1529,0,1120,101,CHRISTMAS ORNAMENT
142563_CHRISTMAS ORNAMENT_back.png,1471,700,938,256,CHRISTMAS ORNAMENT
142564_CHRISTMAS ORNAMENT_front.png,1482,0,1194,4,CHRISTMAS ORNAMENT
142564_CHRISTMAS ORNAMENT_back.png,1444,0,1166,9,CHRISTMAS ORNAMENT
142565_CHRISTMAS ORNAMENT_front.png,394,0,761,469,CHRISTMAS ORNAMENT
142565_CHRISTMAS ORNAMENT_back.png,395,25,803,518,CHRISTMAS ORNAMENT
142566_CHRISTMAS ORNAMENT_front.png,1421,594,1189,30,CHRISTMAS ORNAMENT
142566_CHRISTMAS ORNAMENT_back.png,1420,604,1163,35,CHRISTMAS ORNAMENT
142567_CHRISTMAS ORNAMENT_front.png,1360,267,1118,95,CHRISTMAS ORNAMENT
142567_CHRISTMAS ORNAMENT_back.png,1289,565,966,113,CHRISTMAS ORNAMENT
142568_CHRISTMAS ORNAMENT_front.png,1570,0,844,323,CHRISTMAS ORNAMENT
142568_CHRISTMAS ORNAMENT_back.png,1576,0,737,410,CHRISTMAS ORNAMENT
142569_CHRISTMAS ORNAMENT_front.png,1561,100,1045,173,CHRISTMAS ORNAMENT
142569_CHRISTMAS ORNAMENT_back.png,1550,396,922,278,CHRISTMAS ORNAMENT
142570_CHRISTMAS ORNAMENT_front.png,1584,0,824,373,CHRISTMAS ORNAMENT
142570_CHRISTMAS ORNAMENT_back.png,1399,15,805,428,CHRISTMAS ORNAMENT
142571_STOCKING_front.png,1595,0,1060,124,STOCKING
142571_STOCKING_back.png,1583,9,1042,174,STOCKING
142572_CHRISTMAS ORNAMENT_front.png,1430,0,1116,110,CHRISTMAS ORNAMENT
142572_CHRISTMAS ORNAMENT_back.png,1485,10,1005,167,CHRISTMAS ORNAMENT
142580_CHRISTMAS ORNAMENT_front.png,1467,0,1170,24,CHRISTMAS ORNAMENT
142580_CHRISTMAS ORNAMENT_back.png,1459,0,1185,24,CHRISTMAS ORNAMENT
142581_CHRISTMAS ORNAMENT_front.png,1384,0,1193,0,CHRISTMAS ORNAMENT
142581_CHRISTMAS ORNAMENT_back.png,1440,0,1172,23,CHRISTMAS ORNAMENT
142582_CHRISTMAS ORNAMENT_front.png,1494,0,1131,45,CHRISTMAS ORNAMENT
142582_CHRISTMAS ORNAMENT_back.png,1550,245,1166,98,CHRISTMAS ORNAMENT
142584_CHRISTMAS ORNAMENT_front.png,1464,0,1180,33,CHRISTMAS ORNAMENT
142584_CHRISTMAS ORNAMENT_back.png,1579,320,1076,103,CHRISTMAS ORNAMENT
142586_CHRISTMAS ORNAMENT_front.png,1512,122,1172,35,CHRISTMAS ORNAMENT
142586_CHRISTMAS ORNAMENT_back.png,1546,81,1176,4,CHRISTMAS ORNAMENT
142589_CHRISTMAS ORNAMENT_front.png,1560,0,1052,236,CHRISTMAS ORNAMENT
142589_CHRISTMAS ORNAMENT_back.png,1526,22,1078,8,CHRISTMAS ORNAMENT
142590_CHRISTMAS ORNAMENT_front.png,1526,141,1106,0,CHRISTMAS ORNAMENT
142590_CHRISTMAS ORNAMENT_back.png,1528,370,1148,219,CHRISTMAS ORNAMENT
142593_CHRISTMAS ORNAMENT_front.png,1455,250,1181,12,CHRISTMAS ORNAMENT
142593_CHRISTMAS ORNAMENT_back.png,1463,274,1181,19,CHRISTMAS ORNAMENT
142594_CHRISTMAS ORNAMENT_front.png,1600,5,989,256,CHRISTMAS ORNAMENT
142594_CHRISTMAS ORNAMENT_back.png,1554,29,899,232,CHRISTMAS ORNAMENT
142595_CHRISTMAS ORNAMENT_front.png,1565,109,1189,0,CHRISTMAS ORNAMENT
142595_CHRISTMAS ORNAMENT_back.png,1509,80,1149,0,CHRISTMAS ORNAMENT
142596_CHRISTMAS ORNAMENT_front.png,1578,0,861,279,CHRISTMAS ORNAMENT
142596_CHRISTMAS ORNAMENT_back.png,1564,35,878,294,CHRISTMAS ORNAMENT
142597_TREE COLLAR_front.png,1315,366,1174,15,TREE COLLAR
142597_TREE COLLAR_back.png,1284,372,1156,39,TREE COLLAR
142599_CHRISTMAS ORNAMENT_front.png,1578,42,903,278,CHRISTMAS ORNAMENT
142599_CHRISTMAS ORNAMENT_back.png,555,0,747,469,CHRISTMAS ORNAMENT
142601_CHRISTMAS ORNAMENT_front.png,1280,254,1185,17,CHRISTMAS ORNAMENT
142601_CHRISTMAS ORNAMENT_back.png,1338,0,1200,8,CHRISTMAS ORNAMENT
142602_CHRISTMAS ORNAMENT_front.png,1466,0,1082,105,CHRISTMAS ORNAMENT
142602_CHRISTMAS ORNAMENT_back.png,1514,35,1041,165,CHRISTMAS ORNAMENT
142603_CHRISTMAS ORNAMENT_front.png,1600,319,768,416,CHRISTMAS ORNAMENT
142603_CHRISTMAS ORNAMENT_back.png,1600,10,820,409,CHRISTMAS ORNAMENT
142604_CHRISTMAS ORNAMENT_front.png,1434,76,1151,0,CHRISTMAS ORNAMENT
142604_CHRISTMAS ORNAMENT_back.png,1490,310,1174,0,CHRISTMAS ORNAMENT
142605_CHRISTMAS ORNAMENT_front.png,1582,15,1125,20,CHRISTMAS ORNAMENT
142605_CHRISTMAS ORNAMENT_back.png,1585,9,1169,56,CHRISTMAS ORNAMENT
142606_CHRISTMAS ORNAMENT_front.png,1408,190,1172,15,CHRISTMAS ORNAMENT
142606_CHRISTMAS ORNAMENT_back.png,1270,187,1124,0,CHRISTMAS ORNAMENT
142607_CHRISTMAS ORNAMENT_front.png,917,47,753,101,CHRISTMAS ORNAMENT
142607_CHRISTMAS ORNAMENT_back.png,880,252,745,428,CHRISTMAS ORNAMENT
142608_CHRISTMAS ORNAMENT_front.png,1440,70,1170,56,CHRISTMAS ORNAMENT
142608_CHRISTMAS ORNAMENT_back.png,1440,70,1170,56,CHRISTMAS ORNAMENT
142609_CHRISTMAS ORNAMENT_front.png,1450,0,1200,0,CHRISTMAS ORNAMENT
142609_CHRISTMAS ORNAMENT_back.png,1407,27,1200,8,CHRISTMAS ORNAMENT
142610_CHRISTMAS ORNAMENT_front.png,1368,75,1191,4,CHRISTMAS ORNAMENT
142610_CHRISTMAS ORNAMENT_back.png,1413,129,1181,8,CHRISTMAS ORNAMENT
142611_CHRISTMAS ORNAMENT_front.png,1412,102,1179,11,CHRISTMAS ORNAMENT
142611_CHRISTMAS ORNAMENT_back.png,1427,71,1192,0,CHRISTMAS ORNAMENT
142613_CHRISTMAS ORNAMENT_front.png,1388,727,735,465,CHRISTMAS ORNAMENT
142613_CHRISTMAS ORNAMENT_back.png,1340,324,1060,113,CHRISTMAS ORNAMENT
142614_CHRISTMAS ORNAMENT_front.png,1120,425,641,17,CHRISTMAS ORNAMENT
142614_CHRISTMAS ORNAMENT_back.png,1461,0,1163,11,CHRISTMAS ORNAMENT
142615_CHRISTMAS ORNAMENT_front.png,1391,255,1158,45,CHRISTMAS ORNAMENT
142615_CHRISTMAS ORNAMENT_back.png,1350,190,1174,15,CHRISTMAS ORNAMENT
142616_CHRISTMAS ORNAMENT_front.png,1475,909,719,493,CHRISTMAS ORNAMENT
142616_CHRISTMAS ORNAMENT_back.png,1433,0,910,252,CHRISTMAS ORNAMENT
142617_CHRISTMAS ORNAMENT_front.png,1455,0,1107,125,CHRISTMAS ORNAMENT
142617_CHRISTMAS ORNAMENT_back.png,1449,0,1126,94,CHRISTMAS ORNAMENT
142618_CHRISTMAS ORNAMENT_front.png,1459,0,1129,79,CHRISTMAS ORNAMENT
142618_CHRISTMAS ORNAMENT_back.png,1500,0,1102,63,CHRISTMAS ORNAMENT
142619_CHRISTMAS ORNAMENT_front.png,1390,854,779,420,CHRISTMAS ORNAMENT
142619_CHRISTMAS ORNAMENT_back.png,1242,185,870,345,CHRISTMAS ORNAMENT
142620_CHRISTMAS ORNAMENT_front.png,1571,50,951,219,CHRISTMAS ORNAMENT
142620_CHRISTMAS ORNAMENT_back.png,1600,47,1076,95,CHRISTMAS ORNAMENT
142621_CHRISTMAS ORNAMENT_front.png,1490,0,1147,48,CHRISTMAS ORNAMENT
142621_CHRISTMAS ORNAMENT_back.png,1533,11,1138,60,CHRISTMAS ORNAMENT
142622_CHRISTMAS ORNAMENT_front.png,1365,0,1191,26,CHRISTMAS ORNAMENT
142622_CHRISTMAS ORNAMENT_back.png,1457,0,1184,11,CHRISTMAS ORNAMENT
142623_RUNNER_front.png,1576,25,832,233,RUNNER
142623_RUNNER_back.png,1585,9,821,207,RUNNER
142624_CUSHIONS_front.png,1461,315,1189,0,CUSHIONS
142624_CUSHIONS_back.png,1354,301,1084,26,CUSHIONS
142625_RUNNER_front.png,1280,0,808,472,RUNNER
142625_RUNNER_back.png,1280,0,808,472,RUNNER
142626_RUNNER_front.png,1600,9,1116,79,RUNNER
142626_RUNNER_back.png,1570,40,1175,35,RUNNER
142627_RUNNER_front.png,1585,15,1011,148,RUNNER
142627_RUNNER_back.png,1519,71,1189,17,RUNNER
142630_RUNNER_front.png,1564,45,1016,176,RUNNER
142630_RUNNER_back.png,1280,0,808,472,RUNNER
142631_CUSHIONS_front.png,1351,225,1193,4,CUSHIONS
142631_CUSHIONS_back.png,1355,231,1170,26,CUSHIONS
142632_CUSHIONS_front.png,1378,190,1186,0,CUSHIONS
142632_CUSHIONS_back.png,1414,215,1200,0,CUSHIONS
142633_CUSHIONS_front.png,1385,195,1200,0,CUSHIONS
142633_CUSHIONS_back.png,1385,165,1189,11,CUSHIONS
142635_CHRISTMAS ORNAMENT_front.png,1404,0,1107,111,CHRISTMAS ORNAMENT
142635_CHRISTMAS ORNAMENT_back.png,1233,0,884,335,CHRISTMAS ORNAMENT
142636_CHRISTMAS ORNAMENT_front.png,1281,0,1080,142,CHRISTMAS ORNAMENT
142636_CHRISTMAS ORNAMENT_back.png,1193,390,981,298,CHRISTMAS ORNAMENT
142637_CHRISTMAS ORNAMENT_front.png,1450,226,1147,52,CHRISTMAS ORNAMENT
142637_CHRISTMAS ORNAMENT_back.png,1373,235,1135,53,CHRISTMAS ORNAMENT
142638_CHRISTMAS ORNAMENT_front.png,1420,0,1103,90,CHRISTMAS ORNAMENT
142638_CHRISTMAS ORNAMENT_back.png,1401,26,1181,4,CHRISTMAS ORNAMENT
142639_CHRISTMAS ORNAMENT_front.png,1293,221,1174,11,CHRISTMAS ORNAMENT
142639_CHRISTMAS ORNAMENT_back.png,1293,221,1174,11,CHRISTMAS ORNAMENT
142640_CHRISTMAS ORNAMENT_front.png,1355,0,1115,41,CHRISTMAS ORNAMENT
142640_CHRISTMAS ORNAMENT_back.png,1176,87,1171,102,CHRISTMAS ORNAMENT
142641_CHRISTMAS ORNAMENT_front.png,1515,0,1130,79,CHRISTMAS ORNAMENT
142641_CHRISTMAS ORNAMENT_back.png,1468,0,1071,140,CHRISTMAS ORNAMENT
142642_DECORATIVE PIECES_front.png,1443,131,1150,0,DECORATIVE PIECES
142642_DECORATIVE PIECES_back.png,1460,125,1200,14,DECORATIVE PIECES
142643_CHRISTMAS ORNAMENT_front.png,1448,0,1127,82,CHRISTMAS ORNAMENT
142643_CHRISTMAS ORNAMENT_back.png,1027,55,701,259,CHRISTMAS ORNAMENT
142644_CHRISTMAS ORNAMENT_front.png,1558,9,1141,50,CHRISTMAS ORNAMENT
142644_CHRISTMAS ORNAMENT_back.png,1513,447,1109,32,CHRISTMAS ORNAMENT
142645_CHRISTMAS ORNAMENT_front.png,1328,534,926,259,CHRISTMAS ORNAMENT
142645_CHRISTMAS ORNAMENT_back.png,1534,35,870,350,CHRISTMAS ORNAMENT
142646_CHRISTMAS ORNAMENT_front.png,1508,0,1173,49,CHRISTMAS ORNAMENT
142646_CHRISTMAS ORNAMENT_back.png,1499,0,1165,32,CHRISTMAS ORNAMENT
142647_CHRISTMAS ORNAMENT_front.png,1535,139,1024,244,CHRISTMAS ORNAMENT
142647_CHRISTMAS ORNAMENT_back.png,1575,117,1035,248,CHRISTMAS ORNAMENT
142648_CHRISTMAS ORNAMENT_front.png,1494,0,1173,29,CHRISTMAS ORNAMENT
142648_CHRISTMAS ORNAMENT_back.png,1530,21,981,233,CHRISTMAS ORNAMENT
142649_CHRISTMAS ORNAMENT_front.png,1445,210,1178,0,CHRISTMAS ORNAMENT
142649_CHRISTMAS ORNAMENT_back.png,1430,219,1200,9,CHRISTMAS ORNAMENT
142650_CHRISTMAS ORNAMENT_front.png,1480,0,1189,0,CHRISTMAS ORNAMENT
142650_CHRISTMAS ORNAMENT_back.png,1200,0,960,180,CHRISTMAS ORNAMENT
142651_CHRISTMAS ORNAMENT_front.png,1590,15,943,283,CHRISTMAS ORNAMENT
142651_CHRISTMAS ORNAMENT_back.png,1554,293,952,316,CHRISTMAS ORNAMENT
142652_CHRISTMAS ORNAMENT_front.png,1444,0,1090,60,CHRISTMAS ORNAMENT
142652_CHRISTMAS ORNAMENT_back.png,1526,0,982,195,CHRISTMAS ORNAMENT
142653_DECORATIVE PIECES_front.png,1600,0,1200,0,DECORATIVE PIECES
142653_DECORATIVE PIECES_back.png,1405,220,1200,38,DECORATIVE PIECES
142654_CHRISTMAS ORNAMENT_front.png,1402,0,1163,34,CHRISTMAS ORNAMENT
142654_CHRISTMAS ORNAMENT_back.png,1054,0,878,295,CHRISTMAS ORNAMENT
142655_CHRISTMAS ORNAMENT_front.png,1505,0,1105,126,CHRISTMAS ORNAMENT
142655_CHRISTMAS ORNAMENT_back.png,1482,181,1083,182,CHRISTMAS ORNAMENT
142656_CHRISTMAS ORNAMENT_front.png,1530,0,1065,161,CHRISTMAS ORNAMENT
142656_CHRISTMAS ORNAMENT_back.png,1575,0,1072,157,CHRISTMAS ORNAMENT
142657_CHRISTMAS ORNAMENT_front.png,1585,0,1200,0,CHRISTMAS ORNAMENT
142657_CHRISTMAS ORNAMENT_back.png,1585,0,1200,0,CHRISTMAS ORNAMENT
142658_CHRISTMAS ORNAMENT_front.png,1572,35,1094,143,CHRISTMAS ORNAMENT
142658_CHRISTMAS ORNAMENT_back.png,1600,15,1088,105,CHRISTMAS ORNAMENT
142659_CHRISTMAS ORNAMENT_front.png,1571,25,1166,410,CHRISTMAS ORNAMENT
142659_CHRISTMAS ORNAMENT_back.png,1600,30,1110,105,CHRISTMAS ORNAMENT
142660_CHRISTMAS ORNAMENT_front.png,1364,0,1192,23,CHRISTMAS ORNAMENT
142660_CHRISTMAS ORNAMENT_back.png,1465,44,1184,9,CHRISTMAS ORNAMENT
142661_CHRISTMAS ORNAMENT_front.png,1358,0,1046,159,CHRISTMAS ORNAMENT
142661_CHRISTMAS ORNAMENT_back.png,1544,5,874,355,CHRISTMAS ORNAMENT
142662_CHRISTMAS ORNAMENT_front.png,1423,236,1174,0,CHRISTMAS ORNAMENT
142662_CHRISTMAS ORNAMENT_back.png,1538,55,1180,11,CHRISTMAS ORNAMENT
142663_CHRISTMAS ORNAMENT_front.png,1512,0,1109,110,CHRISTMAS ORNAMENT
142663_CHRISTMAS ORNAMENT_back.png,1514,0,1083,120,CHRISTMAS ORNAMENT
142664_CHRISTMAS ORNAMENT_front.png,1399,0,1143,65,CHRISTMAS ORNAMENT
142664_CHRISTMAS ORNAMENT_back.png,1470,410,1170,58,CHRISTMAS ORNAMENT
142665_CHRISTMAS ORNAMENT_front.png,1550,0,1084,139,CHRISTMAS ORNAMENT
142665_CHRISTMAS ORNAMENT_back.png,1550,0,1063,117,CHRISTMAS ORNAMENT
142666_CHRISTMAS ORNAMENT_front.png,1544,0,1140,75,CHRISTMAS ORNAMENT
142666_CHRISTMAS ORNAMENT_back.png,1558,0,1115,60,CHRISTMAS ORNAMENT
142667_CHRISTMAS ORNAMENT_front.png,1579,5,920,338,CHRISTMAS ORNAMENT
142667_CHRISTMAS ORNAMENT_back.png,1568,19,902,331,CHRISTMAS ORNAMENT
142668_CHRISTMAS ORNAMENT_front.png,1445,77,1161,8,CHRISTMAS ORNAMENT
142668_CHRISTMAS ORNAMENT_back.png,1392,234,1158,97,CHRISTMAS ORNAMENT
142669_CHRISTMAS ORNAMENT_front.png,1385,291,1144,43,CHRISTMAS ORNAMENT
142669_CHRISTMAS ORNAMENT_back.png,1405,225,1196,4,CHRISTMAS ORNAMENT
142670_CHRISTMAS ORNAMENT_front.png,1479,56,1176,41,CHRISTMAS ORNAMENT
142670_CHRISTMAS ORNAMENT_back.png,1493,129,1192,3,CHRISTMAS ORNAMENT
142671_CHRISTMAS ORNAMENT_front.png,1441,0,1092,105,CHRISTMAS ORNAMENT
142671_CHRISTMAS ORNAMENT_back.png,1441,0,1092,105,CHRISTMAS ORNAMENT
142672_CHRISTMAS ORNAMENT_front.png,1600,0,1031,15,CHRISTMAS ORNAMENT
142672_CHRISTMAS ORNAMENT_back.png,1430,0,1069,142,CHRISTMAS ORNAMENT
142673_CHRISTMAS ORNAMENT_front.png,1493,0,1049,185,CHRISTMAS ORNAMENT
142673_CHRISTMAS ORNAMENT_back.png,1571,5,879,354,CHRISTMAS ORNAMENT
142674_CHRISTMAS ORNAMENT_front.png,1581,0,1041,110,CHRISTMAS ORNAMENT
142674_CHRISTMAS ORNAMENT_back.png,1545,40,1182,15,CHRISTMAS ORNAMENT
142675_CHRISTMAS ORNAMENT_front.png,1528,0,1089,103,CHRISTMAS ORNAMENT
142675_CHRISTMAS ORNAMENT_back.png,1523,0,1063,90,CHRISTMAS ORNAMENT
142676_CHRISTMAS ORNAMENT_front.png,1525,0,748,484,CHRISTMAS ORNAMENT
142676_CHRISTMAS ORNAMENT_back.png,1471,46,737,491,CHRISTMAS ORNAMENT
142677_DECORATIVE PIECES_front.png,1580,144,802,144,DECORATIVE PIECES
142677_DECORATIVE PIECES_back.png,1580,144,802,144,DECORATIVE PIECES
142678_TREE COLLAR_front.png,1234,431,1176,9,TREE COLLAR
142678_TREE COLLAR_back.png,1253,432,1188,7,TREE COLLAR
142679_CHRISTMAS ORNAMENT_front.png,1244,0,1151,23,CHRISTMAS ORNAMENT
142679_CHRISTMAS ORNAMENT_back.png,995,264,936,224,CHRISTMAS ORNAMENT
142680_DECORATIVE PIECES_front.png,1429,210,1178,23,DECORATIVE PIECES
142680_DECORATIVE PIECES_back.png,1400,187,1196,8,DECORATIVE PIECES
142681_CHRISTMAS ORNAMENT_front.png,1600,1170,802,416,CHRISTMAS ORNAMENT
142681_CHRISTMAS ORNAMENT_back.png,1591,77,1110,56,CHRISTMAS ORNAMENT
142682_STOCKING_front.png,1318,160,1125,64,STOCKING
142682_STOCKING_back.png,1420,106,1192,9,STOCKING
142683_CHRISTMAS ORNAMENT_front.png,1549,0,1144,0,CHRISTMAS ORNAMENT
142683_CHRISTMAS ORNAMENT_back.png,1545,0,1159,84,CHRISTMAS ORNAMENT
142684_CHRISTMAS ORNAMENT_front.png,1430,0,1181,75,CHRISTMAS ORNAMENT
142684_CHRISTMAS ORNAMENT_back.png,1340,501,945,293,CHRISTMAS ORNAMENT
142685_CHRISTMAS ORNAMENT_front.png,1578,0,990,251,CHRISTMAS ORNAMENT
142685_CHRISTMAS ORNAMENT_back.png,1578,9,965,208,CHRISTMAS ORNAMENT
142686_STOCKING_front.png,1585,4,1106,99,STOCKING
142686_STOCKING_back.png,1583,0,988,195,STOCKING
142687_CHRISTMAS ORNAMENT_front.png,1332,115,1188,16,CHRISTMAS ORNAMENT
142687_CHRISTMAS ORNAMENT_back.png,1332,115,1188,16,CHRISTMAS ORNAMENT
142688_TREE SKIRT_front.png,1390,204,1200,0,TREE SKIRT
142688_TREE SKIRT_back.png,1366,172,1189,17,TREE SKIRT
142689_CHRISTMAS ORNAMENT_front.png,1165,306,1179,15,CHRISTMAS ORNAMENT
142689_CHRISTMAS ORNAMENT_back.png,1161,307,1185,16,CHRISTMAS ORNAMENT
142690_TREE SKIRT_front.png,1360,182,1180,22,TREE SKIRT
142690_TREE SKIRT_back.png,1308,142,1176,13,TREE SKIRT
142692_CHRISTMAS ORNAMENT_front.png,1580,0,825,286,CHRISTMAS ORNAMENT
142692_CHRISTMAS ORNAMENT_back.png,1585,0,788,324,CHRISTMAS ORNAMENT
142693_GARLAND_front.png,1298,0,869,319,GARLAND
142693_GARLAND_back.png,1473,0,861,328,GARLAND
142694_CHRISTMAS ORNAMENT_front.png,1559,0,926,232,CHRISTMAS ORNAMENT
142694_CHRISTMAS ORNAMENT_back.png,1464,105,850,246,CHRISTMAS ORNAMENT
142695_CHRISTMAS ORNAMENT_front.png,1533,40,943,220,CHRISTMAS ORNAMENT
142695_CHRISTMAS ORNAMENT_back.png,1523,66,933,217,CHRISTMAS ORNAMENT
142696_STOCKING_front.png,1581,0,1039,97,STOCKING
142696_STOCKING_back.png,1329,150,891,266,STOCKING
142697_TREE SKIRT_front.png,1394,208,1200,0,TREE SKIRT
142697_TREE SKIRT_back.png,1394,208,1200,0,TREE SKIRT
142698_CHRISTMAS ORNAMENT_front.png,1426,90,1192,4,CHRISTMAS ORNAMENT
142698_CHRISTMAS ORNAMENT_back.png,1595,4,973,23,CHRISTMAS ORNAMENT
142699_TREE SKIRT_front.png,1324,150,1180,21,TREE SKIRT
142699_TREE SKIRT_back.png,1324,156,1183,24,TREE SKIRT
142701_TREE TOPPER_front.png,1572,45,1162,38,TREE TOPPER
142701_TREE TOPPER_back.png,1545,40,1182,15,TREE TOPPER
142702_CHRISTMAS ORNAMENT_front.png,1585,0,831,208,CHRISTMAS ORNAMENT
142702_CHRISTMAS ORNAMENT_back.png,1573,4,845,124,CHRISTMAS ORNAMENT
142703_CHRISTMAS ORNAMENT_front.png,1543,0,1164,25,CHRISTMAS ORNAMENT
142703_CHRISTMAS ORNAMENT_back.png,1573,0,977,249,CHRISTMAS ORNAMENT
142704_CHRISTMAS ORNAMENT_front.png,1389,51,1176,21,CHRISTMAS ORNAMENT
142704_CHRISTMAS ORNAMENT_back.png,1423,71,1180,28,CHRISTMAS ORNAMENT
142705_TREE SKIRT_front.png,1366,230,1151,51,TREE SKIRT
142705_TREE SKIRT_back.png,1366,230,1151,51,TREE SKIRT
142706_STOCKING_front.png,1490,0,988,129,STOCKING
142706_STOCKING_back.png,1510,94,955,244,STOCKING
142707_STOCKING_front.png,1583,20,978,169,STOCKING
142707_STOCKING_back.png,1584,9,955,125,STOCKING
142708_STOCKING_front.png,1586,0,1173,11,STOCKING
142708_STOCKING_back.png,1456,0,1128,45,STOCKING
142709_TREE SKIRT_front.png,1374,246,1161,38,TREE SKIRT
142709_TREE SKIRT_back.png,1374,246,1161,38,TREE SKIRT
142710_CHRISTMAS ORNAMENT_front.png,1499,0,879,256,CHRISTMAS ORNAMENT
142710_CHRISTMAS ORNAMENT_back.png,1559,15,827,384,CHRISTMAS ORNAMENT
142711_CHRISTMAS ORNAMENT_front.png,1368,0,1138,84,CHRISTMAS ORNAMENT
142711_CHRISTMAS ORNAMENT_back.png,1522,5,902,269,CHRISTMAS ORNAMENT
142712_CHRISTMAS ORNAMENT_front.png,1084,659,1181,26,CHRISTMAS ORNAMENT
142712_CHRISTMAS ORNAMENT_back.png,1055,619,1180,11,CHRISTMAS ORNAMENT
142713_CHRISTMAS ORNAMENT_front.png,1463,0,1172,14,CHRISTMAS ORNAMENT
142713_CHRISTMAS ORNAMENT_back.png,1529,17,1185,32,CHRISTMAS ORNAMENT
142714_CHRISTMAS ORNAMENT_front.png,1423,0,1165,30,CHRISTMAS ORNAMENT
142714_CHRISTMAS ORNAMENT_back.png,1438,180,1114,73,CHRISTMAS ORNAMENT
142715_CHRISTMAS ORNAMENT_front.png,1350,133,1181,16,CHRISTMAS ORNAMENT
142715_CHRISTMAS ORNAMENT_back.png,1410,89,1196,0,CHRISTMAS ORNAMENT
142716_CHRISTMAS ORNAMENT_front.png,1425,185,1200,0,CHRISTMAS ORNAMENT
142716_CHRISTMAS ORNAMENT_back.png,1425,185,1200,0,CHRISTMAS ORNAMENT
142717_CHRISTMAS ORNAMENT_front.png,1340,0,1116,43,CHRISTMAS ORNAMENT
142717_CHRISTMAS ORNAMENT_back.png,1150,0,940,212,CHRISTMAS ORNAMENT
142718_STOCKING_front.png,1565,0,1026,103,STOCKING
142718_STOCKING_back.png,1401,156,880,251,STOCKING
142719_BEACHWEAR_front.png,1600,0,971,225,BEACHWEAR
142719_BEACHWEAR_back.png,1600,4,998,202,BEACHWEAR
142738_PHOTO FRAME_front.png,1364,225,1047,146,PHOTO FRAME
142738_PHOTO FRAME_back.png,1380,185,1086,151,PHOTO FRAME
142739_PHOTO FRAME_front.png,1364,225,1047,146,PHOTO FRAME
142739_PHOTO FRAME_back.png,1380,185,1086,151,PHOTO FRAME
142740_BOXES_front.png,1160,515,1180,26,BOXES
142740_BOXES_back.png,1343,210,1165,39,BOXES
142741_PHOTO FRAME_front.png,1267,282,957,227,PHOTO FRAME
142741_PHOTO FRAME_back.png,1471,122,1140,50,PHOTO FRAME
142742_PHOTO FRAME_front.png,1439,105,1129,56,PHOTO FRAME
142742_PHOTO FRAME_back.png,1575,689,1181,479,PHOTO FRAME
142745_PHOTO FRAME_front.png,1439,105,1129,56,PHOTO FRAME
142745_PHOTO FRAME_back.png,1575,689,1181,479,PHOTO FRAME
142747_BOXES_front.png,1150,485,1169,27,BOXES
142747_BOXES_back.png,1270,470,1182,33,BOXES
142748_PHOTO FRAME_front.png,1495,75,1159,41,PHOTO FRAME
142748_PHOTO FRAME_back.png,1576,199,1151,14,PHOTO FRAME
142749_PHOTO FRAME_front.png,1495,75,1159,41,PHOTO FRAME
142749_PHOTO FRAME_back.png,1576,199,1151,14,PHOTO FRAME
142750_DECORATIVE PIECES_front.png,1102,29,1153,40,DECORATIVE PIECES
142750_DECORATIVE PIECES_back.png,1078,35,1125,82,DECORATIVE PIECES
142751_VASES_front.png,1570,50,942,252,VASES
142751_VASES_back.png,1298,257,1148,47,VASES
142752_VASES_front.png,1583,35,948,244,VASES
142752_VASES_back.png,1365,290,1169,28,VASES
142754_DECORATIVE PIECES_front.png,1595,5,903,254,DECORATIVE PIECES
142754_DECORATIVE PIECES_back.png,1600,6,904,253,DECORATIVE PIECES
142755_BLOUSE_front.png,1600,0,1099,52,BLOUSE
142755_BLOUSE_back.png,1600,9,1042,256,BLOUSE
142756_RUNNER_front.png,1135,470,1200,0,RUNNER
142756_RUNNER_back.png,1300,318,1200,0,RUNNER
142757_RUNNER_front.png,1099,506,1178,27,RUNNER
142757_RUNNER_back.png,1104,176,1280,0,RUNNER
142758_RUNNER_front.png,1104,489,1200,4,RUNNER
142758_RUNNER_back.png,1093,224,1256,49,RUNNER
142759_VASES_front.png,1564,20,945,249,VASES
142759_VASES_back.png,1560,20,979,283,VASES
142761_VASES_front.png,1564,50,1067,166,VASES
142761_VASES_back.png,1563,48,1034,133,VASES
142762_RUNNER_front.png,1104,485,1200,5,RUNNER
142762_RUNNER_back.png,1230,395,1195,11,RUNNER
142763_VASES_front.png,1466,106,1189,38,VASES
142763_VASES_back.png,1476,107,1165,7,VASES
142764_VASES_front.png,1479,258,1153,30,VASES
142764_VASES_back.png,1423,216,1157,31,VASES
142765_VASES_front.png,1491,185,1117,85,VASES
142765_VASES_back.png,1494,186,1117,84,VASES
142766_VASES_front.png,1308,290,1112,110,VASES
142766_VASES_back.png,1374,228,1154,27,VASES
142767_DECORATIVE PIECES_front.png,1344,261,1177,12,DECORATIVE PIECES
142767_DECORATIVE PIECES_back.png,1244,426,1195,15,DECORATIVE PIECES
142768_VASES_front.png,1413,271,1187,25,VASES
142768_VASES_back.png,1393,241,1189,17,VASES
142769_LANTERNS_front.png,1585,0,957,165,LANTERNS
142769_LANTERNS_back.png,1600,0,990,204,LANTERNS
142770_SWEATER_front.png,1600,0,923,282,SWEATER
142770_SWEATER_back.png,1600,0,975,229,SWEATER
142772_VASES_front.png,1591,112,1040,173,VASES
142772_VASES_back.png,1569,0,1013,184,VASES
142776_DECORATIVE PIECES_front.png,1574,5,1178,18,DECORATIVE PIECES
142776_DECORATIVE PIECES_back.png,1600,26,1164,58,DECORATIVE PIECES
142780_BEACHWEAR_front.png,1600,75,941,230,BEACHWEAR
142780_BEACHWEAR_back.png,1600,0,1012,188,BEACHWEAR
142782_TABLE CLOCK_front.png,1361,242,1188,5,TABLE CLOCK
142782_TABLE CLOCK_back.png,1363,246,1187,9,TABLE CLOCK
142783_DECORATIVE PIECES_front.png,1235,300,964,200,DECORATIVE PIECES
142783_DECORATIVE PIECES_back.png,1235,300,964,200,DECORATIVE PIECES
142784_DECORATIVE PIECES_front.png,1488,4,1141,65,DECORATIVE PIECES
142784_DECORATIVE PIECES_back.png,1456,110,1093,115,DECORATIVE PIECES
142785_DECORATIVE PIECES_front.png,1488,4,1141,65,DECORATIVE PIECES
142785_DECORATIVE PIECES_back.png,1256,149,1046,238,DECORATIVE PIECES
142786_SWEATERS_front.png,1285,260,1181,15,SWEATERS
142786_SWEATERS_back.png,1393,105,1200,4,SWEATERS
142793_PLACE MAT_front.png,1328,247,1158,54,PLACE MAT
142793_PLACE MAT_back.png,1163,442,1167,27,PLACE MAT
142798_PLACE MAT_front.png,1331,237,1163,68,PLACE MAT
142798_PLACE MAT_back.png,1414,227,1187,5,PLACE MAT
142799_RUNNER_front.png,1596,5,918,304,RUNNER
142799_RUNNER_back.png,1563,57,883,315,RUNNER
142800_RUNNER_front.png,1585,0,820,319,RUNNER
142800_RUNNER_back.png,1600,9,808,315,RUNNER
142801_RUNNER_front.png,1600,16,797,317,RUNNER
142801_RUNNER_back.png,1578,17,827,358,RUNNER
142802_WINTER WEAR_front.png,1600,0,962,172,WINTER WEAR
142802_WINTER WEAR_back.png,1600,20,1052,232,WINTER WEAR
142803_RUNNER_front.png,1600,0,899,302,RUNNER
142803_RUNNER_back.png,1600,0,898,299,RUNNER
142804_RUNNER_front.png,1585,35,900,324,RUNNER
142804_RUNNER_back.png,1565,45,930,313,RUNNER
142805_WINTER WEAR_front.png,1600,0,943,217,WINTER WEAR
142805_WINTER WEAR_back.png,1600,0,994,208,WINTER WEAR
142808_MIRRORS_front.png,1581,5,1013,195,MIRRORS
142808_MIRRORS_back.png,1575,30,1016,191,MIRRORS
142809_DINING TABLES_front.png,1085,542,1180,0,DINING TABLES
142809_DINING TABLES_back.png,973,616,1165,241,DINING TABLES
142810_DINING TABLES_front.png,1085,542,1180,0,DINING TABLES
142810_DINING TABLES_back.png,973,616,1165,241,DINING TABLES
142812_CONSOLE TABLES_front.png,1004,587,1194,11,CONSOLE TABLES
142812_CONSOLE TABLES_back.png,1090,536,1168,26,CONSOLE TABLES
142813_MEDIA UNIT_back.png,1070,530,1185,20,MEDIA UNIT
142813_MEDIA UNIT_front.png,1040,575,1185,20,MEDIA UNIT
142814_BUFFETS & SIDEBOARDS_front.png,1116,485,1186,20,BUFFETS & SIDEBOARDS
142815_CONSOLE TABLES_front.png,1094,505,1182,20,CONSOLE TABLES
142815_CONSOLE TABLES_back.png,1150,456,1177,25,CONSOLE TABLES
142814_BUFFETS & SIDEBOARDS_back.png,1140,471,1163,41,BUFFETS & SIDEBOARDS
142817_CHAIRS_back.png,1571,32,1142,61,CHAIRS
142818_CHAIRS_front.png,1529,76,1132,69,CHAIRS
142818_CHAIRS_back.png,1546,58,1101,103,CHAIRS
142817_CHAIRS_front.png,1544,62,1162,42,CHAIRS
142822_TABLE BENCHES_front.png,1013,590,1173,31,TABLE BENCHES
142822_TABLE BENCHES_back.png,1075,570,1165,42,TABLE BENCHES
142830_COFFEE TABLE_front.png,1168,381,1172,8,COFFEE TABLE
142831_BAR TABLES_front.png,1460,265,1170,45,BAR TABLES
142832_BUFFETS & SIDEBOARDS_front.png,1100,496,1170,31,BUFFETS & SIDEBOARDS
142832_BUFFETS & SIDEBOARDS_back.png,1135,470,1164,38,BUFFETS & SIDEBOARDS
142833_JACKET_front.png,1600,0,1200,15,JACKET
142833_JACKET_back.png,1600,0,1200,56,JACKET
142836_PANT_front.png,1519,0,1072,310,PANT
142836_PANT_back.png,1521,0,974,219,PANT
142837_SWEATSHIRT_front.png,1518,15,1189,0,SWEATSHIRT
142837_SWEATSHIRT_back.png,1509,55,1181,23,SWEATSHIRT
142838_JACKET_front.png,1600,0,1177,56,JACKET
142838_JACKET_back.png,1600,15,1038,226,JACKET
142841_JACKET_front.png,1600,0,1165,34,JACKET
142841_JACKET_back.png,1600,0,1174,28,JACKET
142844_HOODIES_front.png,1600,0,1155,69,HOODIES
142844_HOODIES_back.png,1600,45,1072,174,HOODIES
142846_JACKET_front.png,1600,95,992,171,JACKET
142846_JACKET_back.png,1600,75,1025,182,JACKET
142847_SWEATSHIRT_front.png,1600,114,959,255,SWEATSHIRT
142847_SWEATSHIRT_back.png,1600,101,944,197,SWEATSHIRT
142849_JACKET_front.png,1600,0,1192,0,JACKET
142849_JACKET_back.png,1600,0,1137,35,JACKET
142852_JACKET_front.png,1600,0,1110,103,JACKET
142852_JACKET_back.png,1600,70,962,185,JACKET
142853_SWEATSHIRT_front.png,1600,34,1028,140,SWEATSHIRT
142853_SWEATSHIRT_back.png,1600,103,978,264,SWEATSHIRT
142855_CONSOLE TABLES_front.png,1167,525,1183,23,CONSOLE TABLES
142857_SHIRT_front.png,1343,391,1177,32,SHIRT
142857_SHIRT_back.png,1328,355,1170,17,SHIRT
142863_SWEATERS_front.png,1194,409,1192,8,SWEATERS
142863_SWEATERS_back.png,1091,508,1193,4,SWEATERS
142874_COFFEE TABLE_front.png,1326,377,1178,31,COFFEE TABLE
142874_COFFEE TABLE_back.png,1244,388,1193,18,COFFEE TABLE
142875_CONSOLE TABLES_front.png,1103,517,1172,25,CONSOLE TABLES
142876_RUNNER_front.png,1586,973,1069,345,RUNNER
142876_RUNNER_back.png,1195,420,1182,0,RUNNER
142877_PLACE MAT_front.png,1362,211,1183,19,PLACE MAT
142909_VEST_front.png,1600,0,992,127,VEST
142909_VEST_back.png,1600,4,1024,172,VEST
142920_NAPKIN RING_front.png,1269,276,1173,23,NAPKIN RING
142920_NAPKIN RING_back.png,1258,236,1118,75,NAPKIN RING
142921_NAPKIN RING_front.png,1330,285,1050,176,NAPKIN RING
142921_NAPKIN RING_back.png,1425,171,1110,23,NAPKIN RING
142922_NAPKIN RING_front.png,1439,161,1191,11,NAPKIN RING
142922_NAPKIN RING_back.png,1396,207,1189,11,NAPKIN RING
142924_COASTERS_front.png,1387,215,1190,15,COASTERS
142924_COASTERS_back.png,1388,214,1189,8,COASTERS
142925_COASTERS_front.png,1381,218,1189,11,COASTERS
142925_COASTERS_back.png,1394,206,1190,11,COASTERS
142927_NAPKIN RING_front.png,1207,310,1064,117,NAPKIN RING
142927_NAPKIN RING_back.png,1313,447,1034,192,NAPKIN RING
142928_NAPKIN RING_front.png,1265,295,1133,116,NAPKIN RING
142928_NAPKIN RING_back.png,1234,310,1053,158,NAPKIN RING
142931_BEDDING SETS_front.png,733,324,707,96,BEDDING SETS
142931_BEDDING SETS_back.png,584,309,800,320,BEDDING SETS
142932_BEDDING SETS_front.png,1245,355,1200,0,BEDDING SETS
142932_BEDDING SETS_back.png,1575,90,1200,348,BEDDING SETS
142933_BEDDING SETS_front.png,1245,355,1200,0,BEDDING SETS
142933_BEDDING SETS_back.png,1575,90,1200,348,BEDDING SETS
142936_SETS_front.png,1575,15,983,229,SETS
142936_SETS_back.png,1600,0,1102,143,SETS
142939_DECORATIVE PIECES_front.png,1560,30,1063,187,DECORATIVE PIECES
142941_DECORATIVE PIECES_front.png,1469,25,1128,53,DECORATIVE PIECES
142942_DECORATIVE PIECES_front.png,1458,145,1155,49,DECORATIVE PIECES
142943_COASTERS_front.png,795,297,1155,49,COASTERS
142944_CHARGER PLATES_front.png,1098,509,1155,45,CHARGER PLATES
142945_DECORATIVE PIECES_front.png,1442,30,1134,79,DECORATIVE PIECES
142946_DECORATIVE PIECES_front.png,1449,150,1155,45,DECORATIVE PIECES
142948_DECORATIVE PIECES_front.png,1123,477,1154,46,DECORATIVE PIECES
142948_DECORATIVE PIECES_back.png,1280,160,1192,16,DECORATIVE PIECES
142949_BOXES_front.png,1465,110,1155,52,BOXES
142949_BOXES_back.png,1559,29,932,260,BOXES
142950_TOWELS_front.png,1155,315,1121,105,TOWELS
142951_TOWELS_front.png,1155,315,1121,105,TOWELS
142951_TOWELS_back.png,1395,207,1196,7,TOWELS
142950_TOWELS_back.png,1395,207,1196,7,TOWELS
142952_TOWELS_front.png,1155,315,1121,105,TOWELS
142952_TOWELS_back.png,1395,207,1196,7,TOWELS
142953_BOXES_front.png,1114,485,1191,8,BOXES
142953_BOXES_back.png,1359,240,1190,8,BOXES
142955_DECORATIVE PIECES_front.png,1108,497,1193,5,DECORATIVE PIECES
142957_SWEATER_back.png,1600,5,968,267,SWEATER
142958_LOUNGE WEAR_front.png,1590,9,843,361,LOUNGE WEAR
142957_SWEATER_front.png,1600,0,951,245,SWEATER
142958_LOUNGE WEAR_back.png,1590,9,831,369,LOUNGE WEAR
142959_LOUNGE WEAR_front.png,1592,5,842,358,LOUNGE WEAR
142959_LOUNGE WEAR_back.png,1592,9,849,350,LOUNGE WEAR
142960_SWEATER_back.png,1600,0,977,223,SWEATER
142960_SWEATER_front.png,1600,22,984,223,SWEATER
142962_SWEATER_front.png,1600,0,971,230,SWEATER
142962_SWEATER_back.png,1600,0,1024,214,SWEATER
142963_BOXES_front.png,1119,531,1189,15,BOXES
142963_BOXES_back.png,1121,528,1186,15,BOXES
142964_SWEATER_back.png,1600,29,1005,146,SWEATER
142965_SWEATER_front.png,1600,0,1001,185,SWEATER
142964_SWEATER_front.png,1600,41,958,204,SWEATER
142965_SWEATER_back.png,1600,0,1018,162,SWEATER
142967_SWEATER_front.png,1600,144,922,223,SWEATER
142967_SWEATER_back.png,1600,71,973,196,SWEATER
142969_NAPKIN HOLDER_front.png,1421,172,1161,54,NAPKIN HOLDER
142969_NAPKIN HOLDER_back.png,1600,0,1200,0,NAPKIN HOLDER
142971_SALT & PEPPER SHAKER_front.png,1023,505,1184,19,SALT & PEPPER SHAKER
142971_SALT & PEPPER SHAKER_back.png,1571,30,1061,142,SALT & PEPPER SHAKER
142972_SALT & PEPPER SHAKER_front.png,1263,346,1196,632,SALT & PEPPER SHAKER
142972_SALT & PEPPER SHAKER_back.png,1600,66,1200,71,SALT & PEPPER SHAKER
142973_SALT & PEPPER SHAKER_front.png,1449,217,1174,622,SALT & PEPPER SHAKER
142973_SALT & PEPPER SHAKER_back.png,1600,75,1200,127,SALT & PEPPER SHAKER
142974_SALT & PEPPER SHAKER_front.png,1288,368,1177,619,SALT & PEPPER SHAKER
142974_SALT & PEPPER SHAKER_back.png,1600,235,1163,56,SALT & PEPPER SHAKER
142977_COASTERS_front.png,1424,691,1120,88,COASTERS
142977_COASTERS_back.png,1600,290,1200,229,COASTERS
142978_BASKETS & LAUNDRY BASKETS_front.png,1579,15,1108,157,BASKETS & LAUNDRY BASKETS
142978_BASKETS & LAUNDRY BASKETS_back.png,1581,15,1049,98,BASKETS & LAUNDRY BASKETS
142979_BASKETS & LAUNDRY BASKETS_front.png,1572,41,1155,41,BASKETS & LAUNDRY BASKETS
142979_BASKETS & LAUNDRY BASKETS_back.png,1301,240,1162,42,BASKETS & LAUNDRY BASKETS
142993_COASTERS_front.png,1315,744,1165,602,COASTERS
142993_COASTERS_back.png,1413,305,1150,584,COASTERS
142994_CHARGER PLATES_front.png,1263,352,1152,58,CHARGER PLATES
142994_CHARGER PLATES_back.png,1358,255,1174,46,CHARGER PLATES
142995_CUTLERY_front.png,1572,19,1094,711,CUTLERY
142995_CUTLERY_back.png,1554,19,479,107,CUTLERY
142996_WOODEN BOWL_front.png,1103,512,1177,26,WOODEN BOWL
142996_WOODEN BOWL_back.png,1368,237,1161,40,WOODEN BOWL
142997_WOODEN BOWL_front.png,1103,539,1181,24,WOODEN BOWL
142997_WOODEN BOWL_back.png,1348,201,1156,35,WOODEN BOWL
142998_SERVING TRAYS_front.png,969,482,1184,27,SERVING TRAYS
142998_SERVING TRAYS_back.png,1190,445,1144,60,SERVING TRAYS
142999_SERVING TRAYS_front.png,1109,462,1185,22,SERVING TRAYS
142999_SERVING TRAYS_back.png,1383,204,1157,34,SERVING TRAYS
143000_CUSHIONS_front.png,1395,285,1170,38,CUSHIONS
143000_CUSHIONS_back.png,1351,265,1180,41,CUSHIONS
143001_CUSHIONS_front.png,1385,310,1177,67,CUSHIONS
143001_CUSHIONS_back.png,1351,265,1180,41,CUSHIONS
143002_CUSHIONS_front.png,1275,169,1166,30,CUSHIONS
143002_CUSHIONS_back.png,1263,196,1161,30,CUSHIONS
143003_CUSHIONS_front.png,1409,240,1158,22,CUSHIONS
143003_CUSHIONS_back.png,1360,275,1159,79,CUSHIONS
143004_CUSHIONS_front.png,1385,225,1185,16,CUSHIONS
143004_CUSHIONS_back.png,1351,265,1180,41,CUSHIONS
143005_CUSHIONS_front.png,1390,250,1136,15,CUSHIONS
143005_CUSHIONS_back.png,1360,275,1159,79,CUSHIONS
143009_CUSHIONS_front.png,1218,466,1177,26,CUSHIONS
143009_CUSHIONS_back.png,1224,445,1167,30,CUSHIONS
143010_RUNNER_front.png,1586,30,1031,190,RUNNER
143011_RUNNER_front.png,1544,41,794,396,RUNNER
143011_RUNNER_back.png,1243,390,1131,81,RUNNER
143022_COASTERS_front.png,1453,67,1177,23,COASTERS
143022_COASTERS_back.png,1450,126,1147,31,COASTERS
143023_COASTERS_front.png,1234,286,605,118,COASTERS
143023_COASTERS_back.png,1350,228,1172,7,COASTERS
143028_PLACE MAT_front.png,1376,242,1176,16,PLACE MAT
143028_PLACE MAT_back.png,1352,249,1165,31,PLACE MAT
143029_PLACE MAT_front.png,1363,252,1176,27,PLACE MAT
143029_PLACE MAT_back.png,1352,249,1165,31,PLACE MAT
143031_PLACE MAT_front.png,1319,246,1153,55,PLACE MAT
143031_PLACE MAT_back.png,1352,249,1165,31,PLACE MAT
143032_PLACE MAT_front.png,1318,228,1150,43,PLACE MAT
143032_PLACE MAT_back.png,1352,249,1165,31,PLACE MAT
143033_PLACE MAT_front.png,1338,257,1146,54,PLACE MAT
143033_PLACE MAT_back.png,1352,249,1165,31,PLACE MAT
143034_PLACE MAT_front.png,1315,254,1128,43,PLACE MAT
143034_PLACE MAT_back.png,1352,249,1165,31,PLACE MAT
143035_RUNNER_front.png,974,550,1158,5,RUNNER
143035_RUNNER_back.png,1003,595,1171,34,RUNNER
143036_COASTERS_front.png,1390,215,593,50,COASTERS
143036_COASTERS_back.png,1434,141,580,11,COASTERS
143043_PLACE MAT_front.png,1362,261,1165,49,PLACE MAT
143043_PLACE MAT_back.png,1352,249,1165,31,PLACE MAT
143044_PLACE MAT_front.png,1291,235,1143,67,PLACE MAT
143044_PLACE MAT_back.png,1352,249,1165,31,PLACE MAT
143047_COASTERS_front.png,1348,243,1172,32,COASTERS
143047_COASTERS_back.png,1350,228,1172,7,COASTERS
143094_HAND BAGS_front.png,1326,124,1026,106,HAND BAGS
143094_HAND BAGS_back.png,1600,311,906,646,HAND BAGS
143095_HAND BAGS_front.png,1567,20,945,242,HAND BAGS
143095_HAND BAGS_back.png,1568,25,970,207,HAND BAGS
143096_HAND BAGS_front.png,1114,430,651,23,HAND BAGS
143098_SLING BAGS_front.png,1475,56,1067,65,SLING BAGS
143098_SLING BAGS_back.png,1532,70,1060,127,SLING BAGS
143099_HAND BAGS_front.png,1447,91,1135,71,HAND BAGS
143096_HAND BAGS_back.png,1100,465,596,16,HAND BAGS
143099_HAND BAGS_back.png,1454,120,1139,98,HAND BAGS
143100_SLING BAGS_front.png,1549,1050,895,404,SLING BAGS
143100_SLING BAGS_back.png,1549,1047,815,414,SLING BAGS
143176_PLACE MAT_front.png,1430,284,1178,34,PLACE MAT
143176_PLACE MAT_back.png,1405,261,1165,39,PLACE MAT
143178_COASTERS_front.png,738,192,535,17,COASTERS
143178_COASTERS_back.png,700,162,550,28,COASTERS
143180_COASTERS_front.png,1460,276,1174,30,COASTERS
143180_COASTERS_back.png,1367,231,1172,40,COASTERS
143181_PLACE MAT_front.png,1461,912,1183,632,PLACE MAT
143181_PLACE MAT_back.png,704,137,1175,635,PLACE MAT
143182_COASTERS_front.png,1291,319,1167,38,COASTERS
143182_COASTERS_back.png,1041,565,1176,27,COASTERS
143183_NAPKIN RING_front.png,760,154,596,36,NAPKIN RING
143183_NAPKIN RING_back.png,1214,428,1151,53,NAPKIN RING
143190_COASTERS_front.png,1514,907,594,0,COASTERS
143190_COASTERS_back.png,1500,902,600,20,COASTERS
143191_PLACE MAT_front.png,1417,282,1161,48,PLACE MAT
143191_PLACE MAT_back.png,1413,247,1168,30,PLACE MAT
143192_PLACE MAT_front.png,1410,216,1174,35,PLACE MAT
143192_PLACE MAT_back.png,1430,274,1156,46,PLACE MAT
143242_LAZY SUSANS_front.png,913,687,1163,38,LAZY SUSANS
143242_LAZY SUSANS_back.png,1154,478,1153,51,LAZY SUSANS
143245_CUTLERY_front.png,1455,167,828,433,CUTLERY
143245_CUTLERY_back.png,1600,1265,1200,0,CUTLERY
143257_CAKE STAND_front.png,953,536,1098,135,CAKE STAND
143257_CAKE STAND_back.png,1095,632,1151,37,CAKE STAND
143266_NAPKIN_front.png,703,132,1197,639,NAPKIN
143266_NAPKIN_back.png,658,95,1161,620,NAPKIN
143267_NAPKIN_front.png,725,113,1189,615,NAPKIN
143267_NAPKIN_back.png,1445,941,1180,634,NAPKIN
143268_COASTERS_front.png,1448,893,1180,633,COASTERS
143268_COASTERS_back.png,1438,888,1185,662,COASTERS
143303_NAPKIN RING_front.png,1410,189,1163,38,NAPKIN RING
143304_NAPKIN RING_front.png,1416,180,1163,38,NAPKIN RING
143305_COASTERS_front.png,1263,337,1134,64,COASTERS
143305_COASTERS_back.png,1048,567,1159,570,COASTERS
143306_COASTERS_front.png,1259,372,1158,69,COASTERS
143306_COASTERS_back.png,1060,556,1157,556,COASTERS
143307_CAKE STAND_front.png,1153,432,1180,30,CAKE STAND
143307_CAKE STAND_back.png,1060,501,1165,36,CAKE STAND
143309_CUTLERY_front.png,1301,287,1098,84,CUTLERY
143309_CUTLERY_back.png,1358,258,1146,52,CUTLERY
143319_HAND BAGS_front.png,1564,31,991,208,HAND BAGS
143319_HAND BAGS_back.png,1568,35,886,315,HAND BAGS
143320_HAND BAGS_front.png,1545,27,1071,187,HAND BAGS
143320_HAND BAGS_back.png,1543,47,1046,174,HAND BAGS
143321_HAND BAGS_front.png,1568,15,1065,162,HAND BAGS
143321_HAND BAGS_back.png,1356,970,622,247,HAND BAGS
143322_HAND BAGS_front.png,1419,76,1154,45,HAND BAGS
143322_HAND BAGS_back.png,1352,124,1094,69,HAND BAGS
143323_HAND BAGS_front.png,1385,50,1148,34,HAND BAGS
143323_HAND BAGS_back.png,1433,62,1166,26,HAND BAGS
143324_HAND BAGS_front.png,1443,121,1155,56,HAND BAGS
143324_HAND BAGS_back.png,1410,64,1170,60,HAND BAGS
143326_HAND BAGS_front.png,1153,250,1155,18,HAND BAGS
143326_HAND BAGS_back.png,1383,250,1058,83,HAND BAGS
143328_HAND BAGS_front.png,1209,157,1084,95,HAND BAGS
143328_HAND BAGS_back.png,1537,60,1090,80,HAND BAGS
143329_HAND BAGS_front.png,1413,136,1106,88,HAND BAGS
143329_HAND BAGS_back.png,1329,367,868,313,HAND BAGS
143330_HAND BAGS_front.png,1555,5,1106,109,HAND BAGS
143330_HAND BAGS_back.png,1540,25,1091,126,HAND BAGS
143334_POTHOLDERS_front.png,945,487,1188,29,POTHOLDERS
143334_POTHOLDERS_back.png,1053,550,1162,27,POTHOLDERS
143335_HAND BAGS_front.png,1399,55,1127,154,HAND BAGS
143335_HAND BAGS_back.png,1348,75,1118,87,HAND BAGS
143337_HAND BAGS_front.png,1382,40,1143,49,HAND BAGS
143337_HAND BAGS_back.png,1273,507,1147,31,HAND BAGS
143338_HAND BAGS_front.png,1255,365,1140,80,HAND BAGS
